node_id,mean_latency,max_latency,min_latency
R00,30.08,68.53,1.0
R01,30.32,56.32,3.03
R02,31.08,56.02,1.04
R03,30.33,61.93,1.0
R04,29.89,61.1,1.0
R05,30.23,69.26,1.0
R06,29.82,58.68,1.0
R07,29.81,62.43,5.07
R08,29.06,58.15,1.0
R09,29.97,61.13,1.0
R10,29.67,59.36,6.16
R11,29.39,60.98,1.0
R12,29.76,57.8,2.87
R13,29.67,65.29,2.92
R14,30.07,61.18,1.0
R15,30.35,58.65,1.0
R16,29.99,63.77,1.0
R17,30.4,61.58,4.91
R18,29.93,57.68,4.78
R19,29.85,55.3,1.0
