node_id,mean_interface_errors,max_interface_errors,min_interface_errors
R00,6.02,14,0
R01,6.04,15,1
R02,5.88,18,0
R03,6.0,13,0
R04,5.92,14,0
R05,5.84,14,1
R06,6.03,15,0
R07,6.11,17,1
R08,5.93,14,0
R09,5.93,14,0
R10,6.04,15,0
R11,6.17,14,0
R12,6.22,16,0
R13,6.13,14,1
R14,6.13,14,0
R15,6.04,16,1
R16,6.01,16,1
R17,6.0,15,0
R18,5.85,15,1
R19,6.01,13,0
